t,predicted,is_forecast
2026-10-08 02:20:10+00:00,2.33,False
2026-10-08 03:20:10+00:00,1.4110829656124115,True
2026-10-08 04:20:10+00:00,1.9956064209938051,True
2026-10-08 05:20:10+00:00,2.006071065425873,True
2026-10-08 06:20:10+00:00,2.8408513879776,True
2026-10-08 07:20:10+00:00,3.7637511286735537,True
2026-10-08 08:20:10+00:00,4.646862484931946,True
2026-10-08 09:20:10+00:00,5.305684151649475,True
2026-10-08 10:20:10+00:00,5.662361824274063,True
2026-10-08 11:20:10+00:00,5.299247487068176,True
2026-10-08 12:20:10+00:00,4.373093124032021,True
2026-10-08 13:20:10+00:00,3.7123753867149354,True
2026-10-08 14:20:10+00:00,2.5145524389743805,True
2026-10-08 15:20:10+00:00,1.5629810919761657,True
2026-10-08 16:20:10+00:00,1.9331095156669618,True
2026-10-08 17:20:10+00:00,1.8057079205513002,True
2026-10-08 18:20:10+00:00,2.4648339490890505,True
2026-10-08 19:20:10+00:00,3.4051864681243895,True
2026-10-08 20:20:10+00:00,4.274289591789246,True
2026-10-08 21:20:10+00:00,4.950847578763962,True
2026-10-08 22:20:10+00:00,5.181899028301239,True
2026-10-08 23:20:10+00:00,4.9959880260229115,True
2026-10-09 00:20:10+00:00,4.419151968240738,True
2026-10-09 01:20:10+00:00,4.006257238388061,True
2026-10-09 02:20:10+00:00,2.873266673564911,True
2026-10-09 03:20:10+00:00,1.8078524920940398,True
2026-10-09 04:20:10+00:00,1.9620138082504273,True
2026-10-09 05:20:10+00:00,1.6638675751686096,True
2026-10-09 06:20:10+00:00,2.1020510144233704,True
2026-10-09 07:20:10+00:00,2.9509453654289244,True
2026-10-09 08:20:10+00:00,3.9499882311820986,True
2026-10-09 09:20:10+00:00,4.84714133644104,True
2026-10-09 10:20:10+00:00,5.426351390600205,True
2026-10-09 11:20:10+00:00,5.387980135023594,True
2026-10-09 12:20:10+00:00,4.8424481168389315,True
2026-10-09 13:20:10+00:00,4.390801331996918,True
2026-10-09 14:20:10+00:00,3.2417366924285886,True
2026-10-09 15:20:10+00:00,2.0955237946510317,True
