t,rain_inches,station
2026-07-21 19:09:00+00:00,0.0,KFBG
2026-07-21 19:55:00+00:00,0.0,KFBG
2026-07-21 20:19:00+00:00,0.0,KFBG
2026-07-21 20:55:00+00:00,0.0,KFBG
2026-07-21 21:55:00+00:00,0.0,KFBG
2026-07-21 22:55:00+00:00,0.0,KFBG
2026-07-21 23:55:00+00:00,0.0,KFBG
2026-07-22 00:55:00+00:00,0.0,KFBG
2026-07-22 01:19:00+00:00,0.0,KFBG
2026-07-22 01:55:00+00:00,0.0,KFBG
2026-07-22 03:40:00+00:00,0.0,KFBG
2026-07-22 04:55:00+00:00,0.0,KFBG
2026-07-22 06:15:00+00:00,0.0,KACZ
2026-07-22 06:35:00+00:00,0.0,KACZ
2026-07-22 07:15:00+00:00,0.0,KACZ
2026-07-22 07:35:00+00:00,0.0,KACZ
2026-07-22 07:55:00+00:00,0.0,KFBG
2026-07-22 08:15:00+00:00,0.0,KACZ
2026-07-22 08:35:00+00:00,0.0,KACZ
2026-07-22 09:15:00+00:00,0.0,KACZ
2026-07-22 09:35:00+00:00,0.0,KACZ
2026-07-22 09:55:00+00:00,0.0,KFBG
2026-07-22 10:15:00+00:00,0.0,KACZ
2026-07-22 10:25:00+00:00,0.0,KFBG
2026-07-22 10:35:00+00:00,0.0,KACZ
2026-07-22 11:15:00+00:00,0.0,KACZ
2026-07-22 11:35:00+00:00,0.0,KFBG
2026-07-22 11:55:00+00:00,0.0,KACZ
2026-07-22 12:15:00+00:00,0.0,KACZ
2026-07-22 12:35:00+00:00,0.0,KACZ
2026-07-22 13:15:00+00:00,0.0,KFBG
2026-07-22 13:20:00+00:00,0.0,KFBG
2026-07-22 13:25:00+00:00,0.0,KFBG
2026-07-22 13:35:00+00:00,0.0,KACZ
2026-07-22 14:15:00+00:00,0.0,KACZ
2026-07-22 14:35:00+00:00,0.0,KACZ
2026-07-22 14:55:00+00:00,0.0,KFBG
2026-07-22 15:15:00+00:00,0.0,KACZ
2026-07-22 15:35:00+00:00,0.0,KACZ
2026-07-22 16:15:00+00:00,0.0,KACZ
2026-07-22 16:35:00+00:00,0.0,KACZ
2026-07-22 16:55:00+00:00,0.0,KFBG
2026-07-22 17:15:00+00:00,0.0,KACZ
2026-07-22 17:35:00+00:00,0.0,KACZ
2026-07-22 18:15:00+00:00,0.0,KACZ
2026-07-22 18:35:00+00:00,0.0,KACZ
2026-07-22 19:15:00+00:00,0.0,KACZ
2026-07-22 19:35:00+00:00,0.0,KACZ
2026-07-22 20:15:00+00:00,0.0,KACZ
2026-07-22 20:35:00+00:00,0.0,KACZ
2026-07-22 21:15:00+00:00,0.0,KACZ
2026-07-22 21:35:00+00:00,0.0,KACZ
2026-07-22 21:55:00+00:00,0.0,KACZ
2026-07-22 22:15:00+00:00,0.0,KACZ
2026-07-22 22:35:00+00:00,0.0,KACZ
2026-07-22 22:45:00+00:00,0.0,KFBG
2026-07-22 23:15:00+00:00,0.0,KACZ
2026-07-22 23:55:00+00:00,0.0,KFBG
2026-07-23 00:15:00+00:00,0.0,KACZ
2026-07-23 00:35:00+00:00,0.0,KACZ
2026-07-23 00:37:00+00:00,0.0,KFBG
2026-07-23 00:55:00+00:00,0.0,KFBG
2026-07-23 01:15:00+00:00,0.0,KACZ
2026-07-23 01:35:00+00:00,0.0,KACZ
2026-07-23 01:49:00+00:00,0.0,KFBG
2026-07-23 01:55:00+00:00,0.0,KFBG
2026-07-23 02:15:00+00:00,0.0,KACZ
2026-07-23 02:35:00+00:00,0.0,KACZ
2026-07-23 02:55:00+00:00,0.0,KFBG
2026-07-23 03:15:00+00:00,0.0,KACZ
2026-07-23 03:35:00+00:00,0.0,KACZ
2026-07-23 03:55:00+00:00,0.0,KFBG
2026-07-23 04:15:00+00:00,0.0,KACZ
2026-07-23 04:35:00+00:00,0.0,KACZ
2026-07-23 04:55:00+00:00,0.0,KFBG
2026-07-23 05:15:00+00:00,0.0,KACZ
2026-07-23 05:35:00+00:00,0.0,KACZ
2026-07-23 05:55:00+00:00,0.0,KFBG
2026-07-23 06:15:00+00:00,0.0,KACZ
2026-07-23 06:35:00+00:00,0.0,KACZ
2026-07-23 06:55:00+00:00,0.0,KFBG
2026-07-23 07:15:00+00:00,0.0,KACZ
2026-07-23 07:35:00+00:00,0.0,KACZ
2026-07-23 07:55:00+00:00,0.0,KFBG
2026-07-23 08:15:00+00:00,0.0,KACZ
2026-07-23 08:35:00+00:00,0.0,KACZ
2026-07-23 08:55:00+00:00,0.0,KFBG
2026-07-23 09:15:00+00:00,0.0,KACZ
2026-07-23 09:35:00+00:00,0.0,KACZ
2026-07-23 09:55:00+00:00,0.0,KFBG
2026-07-23 10:15:00+00:00,0.0,KACZ
2026-07-23 10:35:00+00:00,0.0,KACZ
2026-07-23 10:55:00+00:00,0.0,KFBG
2026-07-23 11:15:00+00:00,0.0,KACZ
2026-07-23 11:30:00+00:00,0.0,KFBG
2026-07-23 11:35:00+00:00,0.0,KACZ
2026-07-23 11:55:00+00:00,0.0,KFBG
2026-07-23 12:15:00+00:00,0.0,KACZ
2026-07-23 12:35:00+00:00,0.0,KACZ
2026-07-23 12:50:00+00:00,0.0,KFBG
2026-07-23 12:55:00+00:00,0.0,KFBG
2026-07-23 13:02:00+00:00,0.0,KFBG
2026-07-23 13:15:00+00:00,0.0,KACZ
2026-07-23 13:17:00+00:00,0.0,KFBG
2026-07-23 13:35:00+00:00,0.0,KACZ
2026-07-23 13:55:00+00:00,0.0393700787401574,KFBG
2026-07-23 14:05:00+00:00,0.0,KFBG
2026-07-23 14:15:00+00:00,0.0,KACZ
2026-07-23 14:16:00+00:00,0.0,KFBG
2026-07-23 14:22:00+00:00,0.0,KFBG
2026-07-23 14:27:00+00:00,0.0,KFBG
2026-07-23 14:31:00+00:00,0.0,KFBG
2026-07-23 14:34:00+00:00,0.0,KFBG
2026-07-23 14:35:00+00:00,0.0,KACZ
2026-07-23 14:39:00+00:00,0.0,KFBG
2026-07-23 14:42:00+00:00,0.0,KFBG
2026-07-23 14:46:00+00:00,0.0,KFBG
2026-07-23 14:55:00+00:00,0.4015748031496063,KFBG
2026-07-23 15:00:00+00:00,0.0,KFBG
2026-07-23 15:10:00+00:00,0.0,KFBG
2026-07-23 15:15:00+00:00,0.0,KACZ
2026-07-23 15:30:00+00:00,0.0,KFBG
2026-07-23 15:35:00+00:00,0.0,KFBG
2026-07-23 15:45:00+00:00,0.0,KFBG
2026-07-23 15:55:00+00:00,0.0,KFBG
2026-07-23 16:04:00+00:00,0.0,KFBG
2026-07-23 16:09:00+00:00,0.0,KFBG
2026-07-23 16:14:00+00:00,0.0,KFBG
2026-07-23 16:15:00+00:00,0.0,KACZ
2026-07-23 16:16:00+00:00,0.0,KFBG
2026-07-23 16:21:00+00:00,0.0,KFBG
2026-07-23 16:29:00+00:00,0.0,KFBG
2026-07-23 16:35:00+00:00,0.0,KACZ
2026-07-23 16:47:00+00:00,0.0,KFBG
2026-07-23 16:50:00+00:00,0.0,KFBG
2026-07-23 16:55:00+00:00,0.5905511811023623,KFBG
2026-07-23 16:59:00+00:00,0.0,KFBG
2026-07-23 17:09:00+00:00,0.0,KFBG
2026-07-23 17:14:00+00:00,0.0,KFBG
2026-07-23 17:15:00+00:00,0.0,KACZ
2026-07-23 17:29:00+00:00,0.0,KFBG
2026-07-23 17:35:00+00:00,0.0118110236220472,KACZ
2026-07-23 17:47:00+00:00,0.0,KFBG
2026-07-23 17:52:00+00:00,0.0,KFBG
2026-07-23 17:55:00+00:00,0.0905511811023622,KFBG
2026-07-23 18:05:00+00:00,0.0,KFBG
2026-07-23 18:15:00+00:00,0.0,KFBG
2026-07-23 18:24:00+00:00,0.0,KFBG
2026-07-23 18:29:00+00:00,0.0,KFBG
2026-07-23 18:34:00+00:00,0.0,KFBG
2026-07-23 18:35:00+00:00,0.0984251968503937,KACZ
2026-07-23 18:44:00+00:00,0.0,KFBG
2026-07-23 18:49:00+00:00,0.0,KFBG
2026-07-23 18:55:00+00:00,0.0118110236220472,KFBG
2026-07-23 19:05:00+00:00,0.0,KFBG
2026-07-23 19:13:00+00:00,0.0,KFBG
2026-07-23 19:15:00+00:00,0.0314960629921259,KACZ
2026-07-23 19:35:00+00:00,0.0511811023622047,KACZ
2026-07-23 19:48:00+00:00,0.0,KFBG
2026-07-23 19:55:00+00:00,0.0708661417322834,KFBG
2026-07-23 20:05:00+00:00,0.0,KFBG
2026-07-23 20:15:00+00:00,0.0,KFBG
2026-07-23 20:22:00+00:00,0.0,KFBG
2026-07-23 20:27:00+00:00,0.0,KFBG
2026-07-23 20:35:00+00:00,0.0,KACZ
2026-07-23 20:42:00+00:00,0.0,KFBG
2026-07-23 20:44:00+00:00,0.0,KFBG
2026-07-23 20:55:00+00:00,0.1417322834645669,KFBG
2026-07-23 21:15:00+00:00,0.0,KACZ
2026-07-23 21:25:00+00:00,0.0,KFBG
2026-07-23 21:35:00+00:00,0.0,KFBG
2026-07-23 21:40:00+00:00,0.0,KFBG
2026-07-23 21:50:00+00:00,0.0,KFBG
2026-07-23 21:55:00+00:00,0.1614173228346456,KFBG
2026-07-23 22:05:00+00:00,0.0,KFBG
2026-07-23 22:15:00+00:00,0.0,KACZ
2026-07-23 22:28:00+00:00,0.0,KFBG
2026-07-23 22:35:00+00:00,0.0,KACZ
2026-07-23 22:55:00+00:00,0.0196850393700787,KFBG
2026-07-23 23:15:00+00:00,0.0,KFBG
2026-07-23 23:29:00+00:00,0.0,KFBG
2026-07-23 23:35:00+00:00,0.0984251968503937,KACZ
2026-07-23 23:41:00+00:00,0.0,KFBG
2026-07-23 23:55:00+00:00,0.0,KFBG
2026-07-23 23:56:00+00:00,0.0,KFBG
2026-07-23 23:57:00+00:00,0.0,KFBG
2026-07-24 00:15:00+00:00,0.0118110236220472,KACZ
2026-07-24 00:22:00+00:00,0.0,KFBG
2026-07-24 00:35:00+00:00,0.0118110236220472,KACZ
2026-07-24 00:55:00+00:00,0.0,KFBG
2026-07-24 01:15:00+00:00,0.0,KACZ
2026-07-24 01:33:00+00:00,0.0,KFBG
2026-07-24 01:35:00+00:00,0.0,KACZ
2026-07-24 01:38:00+00:00,0.0,KFBG
2026-07-24 01:55:00+00:00,0.0708661417322834,KFBG
2026-07-24 02:15:00+00:00,0.0,KACZ
2026-07-24 02:35:00+00:00,0.0,KACZ
2026-07-24 02:55:00+00:00,0.0393700787401574,KFBG
2026-07-24 03:15:00+00:00,0.0,KACZ
2026-07-24 03:35:00+00:00,0.0,KFBG
2026-07-24 03:55:00+00:00,0.0118110236220472,KFBG
2026-07-24 04:15:00+00:00,0.0,KACZ
2026-07-24 04:35:00+00:00,0.0118110236220472,KACZ
2026-07-24 04:50:00+00:00,0.0,KFBG
2026-07-24 04:52:00+00:00,0.0,KFBG
2026-07-24 04:55:00+00:00,0.0787401574803149,KFBG
2026-07-24 05:03:00+00:00,0.0,KFBG
2026-07-24 05:08:00+00:00,0.0,KFBG
2026-07-24 05:15:00+00:00,0.0,KACZ
2026-07-24 05:20:00+00:00,0.0,KFBG
2026-07-24 05:25:00+00:00,0.0,KFBG
2026-07-24 05:30:00+00:00,0.0,KFBG
2026-07-24 05:35:00+00:00,0.0,KFBG
2026-07-24 05:37:00+00:00,0.0,KFBG
2026-07-24 05:42:00+00:00,0.0,KFBG
2026-07-24 05:47:00+00:00,0.0,KFBG
2026-07-24 05:50:00+00:00,0.0,KFBG
2026-07-24 05:55:00+00:00,0.8110236220472442,KFBG
2026-07-24 06:00:00+00:00,0.0,KFBG
2026-07-24 06:05:00+00:00,0.0,KFBG
2026-07-24 06:15:00+00:00,0.0,KFBG
2026-07-24 06:35:00+00:00,0.0,KACZ
2026-07-24 06:45:00+00:00,0.0,KFBG
2026-07-24 06:50:00+00:00,0.0,KFBG
2026-07-24 06:55:00+00:00,0.0984251968503937,KFBG
2026-07-24 06:56:00+00:00,0.0,KFBG
2026-07-24 07:15:00+00:00,0.0,KACZ
2026-07-24 07:35:00+00:00,0.0,KACZ
2026-07-24 07:55:00+00:00,0.0,KFBG
2026-07-24 08:15:00+00:00,0.0,KFBG
2026-07-24 08:35:00+00:00,0.0708661417322834,KACZ
2026-07-24 08:45:00+00:00,0.0,KFBG
2026-07-24 08:55:00+00:00,0.0,KFBG
2026-07-24 09:15:00+00:00,0.0,KACZ
2026-07-24 09:20:00+00:00,0.0,KFBG
2026-07-24 09:35:00+00:00,0.0,KACZ
2026-07-24 09:43:00+00:00,0.0,KFBG
2026-07-24 09:55:00+00:00,0.0,KFBG
2026-07-24 09:56:00+00:00,0.0,KFBG
2026-07-24 09:58:00+00:00,0.0,KFBG
2026-07-24 10:00:00+00:00,0.0,KFBG
2026-07-24 10:05:00+00:00,0.0,KFBG
2026-07-24 10:06:00+00:00,0.0,KFBG
2026-07-24 10:15:00+00:00,0.0,KACZ
2026-07-24 10:35:00+00:00,0.0,KACZ
2026-07-24 11:15:00+00:00,0.0,KACZ
2026-07-24 11:35:00+00:00,0.0118110236220472,KACZ
2026-07-24 12:05:00+00:00,0.0,KFBG
2026-07-24 12:15:00+00:00,0.0,KFBG
2026-07-24 12:16:00+00:00,0.0,KFBG
2026-07-24 12:26:00+00:00,0.0,KFBG
2026-07-24 12:35:00+00:00,0.0,KACZ
2026-07-24 12:36:00+00:00,0.0,KFBG
2026-07-24 12:46:00+00:00,0.0,KFBG
2026-07-24 12:50:00+00:00,0.0,KFBG
2026-07-24 12:55:00+00:00,0.0511811023622047,KFBG
2026-07-24 13:10:00+00:00,0.0,KFBG
2026-07-24 13:11:00+00:00,0.0,KFBG
2026-07-24 13:15:00+00:00,0.0,KACZ
2026-07-24 13:35:00+00:00,0.0,KACZ
2026-07-24 13:41:00+00:00,0.0,KFBG
2026-07-24 13:42:00+00:00,0.0,KFBG
2026-07-24 13:55:00+00:00,0.0118110236220472,KFBG
2026-07-24 14:15:00+00:00,0.0,KACZ
2026-07-24 14:20:00+00:00,0.0,KFBG
2026-07-24 14:35:00+00:00,0.0,KACZ
2026-07-24 14:55:00+00:00,0.0,KFBG
2026-07-24 15:05:00+00:00,0.0,KFBG
2026-07-24 15:15:00+00:00,0.0,KFBG
2026-07-24 15:30:00+00:00,0.0,KFBG
2026-07-24 15:35:00+00:00,0.0,KACZ
2026-07-24 15:40:00+00:00,0.0,KFBG
2026-07-24 15:45:00+00:00,0.0,KFBG
2026-07-24 15:55:00+00:00,0.0,KFBG
2026-07-24 16:07:00+00:00,0.0,KFBG
2026-07-24 16:15:00+00:00,0.0,KACZ
2026-07-24 16:35:00+00:00,0.0,KACZ
2026-07-24 16:55:00+00:00,0.0314960629921259,KACZ
2026-07-24 17:15:00+00:00,0.0118110236220472,KACZ
2026-07-24 17:35:00+00:00,0.0,KACZ
2026-07-24 18:15:00+00:00,0.0,KACZ
2026-07-24 18:35:00+00:00,0.0,KACZ
2026-07-24 19:15:00+00:00,0.0,KACZ
2026-07-24 19:35:00+00:00,0.0,KACZ
2026-07-24 20:15:00+00:00,0.0,KACZ
2026-07-24 20:35:00+00:00,0.0,KACZ
2026-07-24 21:15:00+00:00,0.0,KACZ
2026-07-24 21:35:00+00:00,0.0,KACZ
2026-07-24 22:15:00+00:00,0.0,KACZ
2026-07-24 22:35:00+00:00,0.0,KACZ
2026-07-24 23:05:00+00:00,0.0,KFBG
2026-07-24 23:08:00+00:00,0.0,KFBG
2026-07-24 23:35:00+00:00,0.0,KACZ
2026-07-24 23:44:00+00:00,0.0,KFBG
2026-07-24 23:49:00+00:00,0.0,KFBG
2026-07-24 23:55:00+00:00,0.0,KFBG
2026-07-25 00:05:00+00:00,0.0,KFBG
2026-07-25 00:15:00+00:00,0.0,KACZ
2026-07-25 00:20:00+00:00,0.0,KFBG
2026-07-25 00:30:00+00:00,0.0,KFBG
2026-07-25 00:35:00+00:00,0.0,KACZ
2026-07-25 00:40:00+00:00,0.0,KFBG
2026-07-25 00:51:00+00:00,0.0,KFBG
2026-07-25 00:55:00+00:00,0.0,KFBG
2026-07-25 01:05:00+00:00,0.0,KFBG
2026-07-25 01:10:00+00:00,0.0,KFBG
2026-07-25 01:15:00+00:00,0.0,KACZ
2026-07-25 01:20:00+00:00,0.0,KFBG
2026-07-25 01:27:00+00:00,0.0,KFBG
2026-07-25 01:32:00+00:00,0.0,KFBG
2026-07-25 01:35:00+00:00,0.0,KACZ
2026-07-25 01:47:00+00:00,0.0,KFBG
2026-07-25 01:55:00+00:00,0.0118110236220472,KFBG
2026-07-25 02:10:00+00:00,0.0,KFBG
2026-07-25 02:15:00+00:00,0.0,KACZ
2026-07-25 02:20:00+00:00,0.0,KFBG
2026-07-25 02:35:00+00:00,0.0,KFBG
2026-07-25 02:42:00+00:00,0.0,KFBG
2026-07-25 02:55:00+00:00,0.0,KFBG
2026-07-25 03:06:00+00:00,0.0,KFBG
2026-07-25 03:15:00+00:00,0.0,KACZ
2026-07-25 03:16:00+00:00,0.0,KFBG
2026-07-25 03:35:00+00:00,0.0,KACZ
2026-07-25 03:55:00+00:00,0.0,KFBG
2026-07-25 04:15:00+00:00,0.0,KACZ
2026-07-25 04:35:00+00:00,0.0,KACZ
2026-07-25 04:45:00+00:00,0.0,KFBG
2026-07-25 04:55:00+00:00,0.0,KFBG
2026-07-25 05:05:00+00:00,0.0,KFBG
2026-07-25 05:15:00+00:00,0.0,KFBG
2026-07-25 05:25:00+00:00,0.0,KFBG
2026-07-25 05:35:00+00:00,0.0,KFBG
2026-07-25 05:45:00+00:00,0.0,KFBG
2026-07-25 05:55:00+00:00,0.0,KFBG
2026-07-25 06:05:00+00:00,0.0,KFBG
2026-07-25 06:10:00+00:00,0.0,KFBG
2026-07-25 06:15:00+00:00,0.0,KACZ
2026-07-25 06:20:00+00:00,0.0,KFBG
2026-07-25 06:35:00+00:00,0.0,KACZ
2026-07-25 06:45:00+00:00,0.0,KFBG
2026-07-25 06:55:00+00:00,0.0,KFBG
2026-07-25 07:00:00+00:00,0.0,KFBG
2026-07-25 07:05:00+00:00,0.0,KFBG
2026-07-25 07:15:00+00:00,0.0,KACZ
2026-07-25 07:20:00+00:00,0.0,KFBG
2026-07-25 07:30:00+00:00,0.0,KFBG
2026-07-25 07:35:00+00:00,0.0,KACZ
2026-07-25 07:51:00+00:00,0.0,KFBG
2026-07-25 07:55:00+00:00,0.0,KFBG
2026-07-25 07:57:00+00:00,0.0,KFBG
2026-07-25 08:07:00+00:00,0.0,KFBG
2026-07-25 08:15:00+00:00,0.0,KACZ
2026-07-25 08:17:00+00:00,0.0,KFBG
2026-07-25 08:26:00+00:00,0.0,KFBG
2026-07-25 08:27:00+00:00,0.0,KFBG
2026-07-25 08:35:00+00:00,0.0,KACZ
2026-07-25 08:53:00+00:00,0.0,KFBG
2026-07-25 08:55:00+00:00,0.0196850393700787,KFBG
2026-07-25 09:05:00+00:00,0.0,KFBG
2026-07-25 09:10:00+00:00,0.0,KFBG
2026-07-25 09:15:00+00:00,0.0,KFBG
2026-07-25 09:25:00+00:00,0.0,KFBG
2026-07-25 09:29:00+00:00,0.0,KFBG
2026-07-25 09:34:00+00:00,0.0,KFBG
2026-07-25 09:35:00+00:00,0.0,KFBG
2026-07-25 09:45:00+00:00,0.0,KFBG
2026-07-25 09:50:00+00:00,0.0,KFBG
2026-07-25 09:55:00+00:00,0.9488188976377954,KFBG
2026-07-25 10:00:00+00:00,0.0,KFBG
2026-07-25 10:06:00+00:00,0.0,KFBG
2026-07-25 10:15:00+00:00,0.0,KACZ
2026-07-25 10:16:00+00:00,0.0,KFBG
2026-07-25 10:21:00+00:00,0.0,KFBG
2026-07-25 10:23:00+00:00,0.0,KFBG
2026-07-25 10:26:00+00:00,0.0,KFBG
2026-07-25 10:29:00+00:00,0.0,KFBG
2026-07-25 10:35:00+00:00,0.0,KFBG
2026-07-25 10:45:00+00:00,0.0,KFBG
2026-07-25 10:55:00+00:00,0.2795275590551181,KFBG
2026-07-25 10:56:00+00:00,0.0,KFBG
2026-07-25 10:59:00+00:00,0.0,KFBG
2026-07-25 11:09:00+00:00,0.0,KFBG
2026-07-25 11:15:00+00:00,0.0118110236220472,KACZ
2026-07-25 11:17:00+00:00,0.0,KFBG
2026-07-25 11:19:00+00:00,0.0,KFBG
2026-07-25 11:25:00+00:00,0.0,KFBG
2026-07-25 11:35:00+00:00,0.0,KFBG
2026-07-25 11:44:00+00:00,0.0,KFBG
2026-07-25 11:49:00+00:00,0.0,KFBG
2026-07-25 11:55:00+00:00,0.4015748031496063,KFBG
2026-07-25 12:15:00+00:00,0.0,KACZ
2026-07-25 12:18:00+00:00,0.0,KFBG
2026-07-25 12:21:00+00:00,0.0,KFBG
2026-07-25 12:24:00+00:00,0.0,KFBG
2026-07-25 12:29:00+00:00,0.0,KFBG
2026-07-25 12:34:00+00:00,0.0,KFBG
2026-07-25 12:35:00+00:00,0.0,KACZ
2026-07-25 12:37:00+00:00,0.0,KFBG
2026-07-25 12:39:00+00:00,0.0,KFBG
2026-07-25 12:55:00+00:00,0.0393700787401574,KFBG
2026-07-25 13:05:00+00:00,0.0,KFBG
2026-07-25 13:15:00+00:00,0.0,KACZ
2026-07-25 13:20:00+00:00,0.0,KFBG
2026-07-25 13:26:00+00:00,0.0,KFBG
2026-07-25 13:31:00+00:00,0.0,KFBG
2026-07-25 13:35:00+00:00,0.0,KACZ
2026-07-25 13:36:00+00:00,0.0,KFBG
2026-07-25 13:41:00+00:00,0.0,KFBG
2026-07-25 13:46:00+00:00,0.0,KFBG
2026-07-25 13:55:00+00:00,0.7401574803149606,KFBG
2026-07-25 14:01:00+00:00,0.0,KFBG
2026-07-25 14:06:00+00:00,0.0,KFBG
2026-07-25 14:15:00+00:00,0.0,KACZ
2026-07-25 14:16:00+00:00,0.0,KFBG
2026-07-25 14:26:00+00:00,0.0,KFBG
2026-07-25 14:35:00+00:00,0.0118110236220472,KACZ
2026-07-25 14:36:00+00:00,0.0,KFBG
2026-07-25 14:55:00+00:00,0.1692913385826771,KFBG
2026-07-25 15:00:00+00:00,0.0,KFBG
2026-07-25 15:01:00+00:00,0.0,KFBG
2026-07-25 15:06:00+00:00,0.0,KFBG
2026-07-25 15:07:00+00:00,0.0,KFBG
2026-07-25 15:15:00+00:00,0.0118110236220472,KACZ
2026-07-25 15:35:00+00:00,0.0118110236220472,KACZ
2026-07-25 15:39:00+00:00,0.0,KFBG
2026-07-25 15:54:00+00:00,0.0,KFBG
2026-07-25 15:55:00+00:00,0.0196850393700787,KFBG
2026-07-25 16:15:00+00:00,0.0196850393700787,KACZ
2026-07-25 16:35:00+00:00,0.421259842519685,KACZ
2026-07-25 16:40:00+00:00,0.0,KFBG
2026-07-25 16:55:00+00:00,0.0,KFBG
2026-07-25 17:15:00+00:00,0.0118110236220472,KACZ
2026-07-25 17:35:00+00:00,0.0393700787401574,KACZ
2026-07-25 17:55:00+00:00,0.0,KFBG
2026-07-25 18:35:00+00:00,0.0393700787401574,KACZ
2026-07-25 18:43:00+00:00,0.0,KFBG
2026-07-25 18:55:00+00:00,0.0,KFBG
2026-07-25 19:15:00+00:00,0.0,KACZ
2026-07-25 19:20:00+00:00,0.0,KFBG
2026-07-25 19:35:00+00:00,0.0118110236220472,KACZ
2026-07-25 19:55:00+00:00,0.0,KFBG
2026-07-25 20:15:00+00:00,0.0,KACZ
2026-07-25 20:17:00+00:00,0.0,KFBG
2026-07-25 20:30:00+00:00,0.0,KFBG
2026-07-25 20:35:00+00:00,0.0,KACZ
2026-07-25 20:50:00+00:00,0.0,KFBG
2026-07-25 20:55:00+00:00,0.0,KFBG
2026-07-25 21:15:00+00:00,0.0,KACZ
2026-07-25 21:35:00+00:00,0.0,KACZ
2026-07-25 21:45:00+00:00,0.0,KFBG
2026-07-25 21:55:00+00:00,0.0,KFBG
2026-07-25 22:15:00+00:00,0.0,KACZ
2026-07-25 22:35:00+00:00,0.0,KFBG
2026-07-25 22:55:00+00:00,0.0,KFBG
2026-07-25 23:15:00+00:00,0.0,KACZ
2026-07-25 23:35:00+00:00,0.0,KACZ
2026-07-25 23:55:00+00:00,0.0,KFBG
2026-07-26 00:15:00+00:00,0.0,KACZ
2026-07-26 00:35:00+00:00,0.0,KACZ
2026-07-26 00:55:00+00:00,0.0,KFBG
2026-07-26 01:15:00+00:00,0.0,KACZ
2026-07-26 01:35:00+00:00,0.0,KACZ
2026-07-26 01:55:00+00:00,0.0,KFBG
2026-07-26 02:05:00+00:00,0.0,KFBG
2026-07-26 02:15:00+00:00,0.0,KACZ
2026-07-26 02:35:00+00:00,0.0,KACZ
2026-07-26 02:55:00+00:00,0.0,KFBG
2026-07-26 03:00:00+00:00,0.0,KFBG
2026-07-26 03:10:00+00:00,0.0,KFBG
2026-07-26 03:15:00+00:00,0.0,KACZ
2026-07-26 03:35:00+00:00,0.0,KACZ
2026-07-26 03:50:00+00:00,0.0,KFBG
2026-07-26 03:55:00+00:00,0.0,KFBG
2026-07-26 04:15:00+00:00,0.0,KACZ
2026-07-26 04:35:00+00:00,0.0,KACZ
2026-07-26 04:55:00+00:00,0.0,KFBG
2026-07-26 05:15:00+00:00,0.0,KACZ
2026-07-26 05:24:00+00:00,0.0,KFBG
2026-07-26 05:35:00+00:00,0.0,KACZ
2026-07-26 05:55:00+00:00,0.0,KFBG
2026-07-26 06:15:00+00:00,0.0,KACZ
2026-07-26 06:35:00+00:00,0.0,KACZ
2026-07-26 06:55:00+00:00,0.0,KFBG
2026-07-26 07:15:00+00:00,0.0,KACZ
2026-07-26 07:35:00+00:00,0.0118110236220472,KACZ
2026-07-26 07:41:00+00:00,0.0,KFBG
2026-07-26 07:51:00+00:00,0.0,KFBG
2026-07-26 07:55:00+00:00,0.0,KFBG
2026-07-26 08:05:00+00:00,0.0,KFBG
2026-07-26 08:15:00+00:00,0.0,KACZ
2026-07-26 08:35:00+00:00,0.0,KACZ
2026-07-26 08:40:00+00:00,0.0,KFBG
2026-07-26 08:50:00+00:00,0.0,KFBG
2026-07-26 08:55:00+00:00,0.0,KFBG
2026-07-26 09:00:00+00:00,0.0,KFBG
2026-07-26 09:05:00+00:00,0.0,KFBG
2026-07-26 09:15:00+00:00,0.0,KFBG
2026-07-26 09:30:00+00:00,0.0,KFBG
2026-07-26 09:35:00+00:00,0.0,KFBG
2026-07-26 09:40:00+00:00,0.0,KFBG
2026-07-26 09:55:00+00:00,0.0,KFBG
2026-07-26 10:15:00+00:00,0.0,KACZ
2026-07-26 10:35:00+00:00,0.0,KACZ
2026-07-26 10:40:00+00:00,0.0,KFBG
2026-07-26 10:55:00+00:00,0.0,KFBG
2026-07-26 11:00:00+00:00,0.0,KFBG
2026-07-26 11:11:00+00:00,0.0,KFBG
2026-07-26 11:15:00+00:00,0.0,KACZ
2026-07-26 11:16:00+00:00,0.0,KFBG
2026-07-26 11:35:00+00:00,0.0,KACZ
2026-07-26 11:51:00+00:00,0.0,KFBG
2026-07-26 11:52:00+00:00,0.0,KFBG
2026-07-26 11:55:00+00:00,0.0,KFBG
2026-07-26 12:15:00+00:00,0.0,KACZ
2026-07-26 12:30:00+00:00,0.0,KFBG
2026-07-26 12:35:00+00:00,0.0,KACZ
2026-07-26 12:55:00+00:00,0.0,KFBG
2026-07-26 13:15:00+00:00,0.0,KFBG
2026-07-26 13:25:00+00:00,0.0,KFBG
2026-07-26 13:35:00+00:00,0.0,KACZ
2026-07-26 13:50:00+00:00,0.0,KFBG
2026-07-26 13:55:00+00:00,0.0,KFBG
2026-07-26 14:15:00+00:00,0.0,KFBG
2026-07-26 14:30:00+00:00,0.0,KFBG
2026-07-26 14:35:00+00:00,0.0,KFBG
2026-07-26 14:55:00+00:00,0.0,KFBG
2026-07-26 15:00:00+00:00,0.0,KFBG
2026-07-26 15:05:00+00:00,0.0,KFBG
2026-07-26 15:10:00+00:00,0.0,KFBG
2026-07-26 15:15:00+00:00,0.0,KACZ
2026-07-26 15:35:00+00:00,0.0,KACZ
2026-07-26 15:55:00+00:00,0.0,KFBG
2026-07-26 16:15:00+00:00,0.0,KFBG
2026-07-26 16:25:00+00:00,0.0,KFBG
2026-07-26 16:35:00+00:00,0.0,KACZ
2026-07-26 16:55:00+00:00,0.0,KFBG
2026-07-26 17:10:00+00:00,0.0,KFBG
2026-07-26 17:15:00+00:00,0.0,KACZ
2026-07-26 17:35:00+00:00,0.0,KACZ
2026-07-26 17:41:00+00:00,0.0,KFBG
2026-07-26 17:51:00+00:00,0.0,KFBG
2026-07-26 17:55:00+00:00,0.0,KFBG
2026-07-26 18:00:00+00:00,0.0,KFBG
2026-07-26 18:15:00+00:00,0.0,KACZ
2026-07-26 18:35:00+00:00,0.0,KACZ
2026-07-26 18:55:00+00:00,0.0,KFBG
2026-07-26 19:15:00+00:00,0.0,KACZ
2026-07-26 19:35:00+00:00,0.0,KACZ
2026-07-26 19:48:00+00:00,0.0,KFBG
2026-07-26 19:55:00+00:00,0.0,KFBG
2026-07-26 20:15:00+00:00,0.0,KACZ
2026-07-26 20:35:00+00:00,0.0,KACZ
2026-07-26 20:55:00+00:00,0.0,KFBG
2026-07-26 21:15:00+00:00,0.0,KACZ
2026-07-26 21:35:00+00:00,0.0,KACZ
2026-07-26 21:46:00+00:00,0.0,KFBG
2026-07-26 21:55:00+00:00,0.0,KFBG
2026-07-26 22:15:00+00:00,0.0,KACZ
2026-07-26 22:35:00+00:00,0.0,KACZ
2026-07-26 22:55:00+00:00,0.0,KFBG
2026-07-26 23:15:00+00:00,0.0,KACZ
2026-07-26 23:35:00+00:00,0.0,KACZ
2026-07-26 23:52:00+00:00,0.0,KFBG
2026-07-26 23:55:00+00:00,0.0,KFBG
2026-07-27 00:15:00+00:00,0.0,KACZ
2026-07-27 00:35:00+00:00,0.0,KACZ
2026-07-27 00:55:00+00:00,0.0,KFBG
2026-07-27 01:15:00+00:00,0.0,KACZ
2026-07-27 01:35:00+00:00,0.0,KACZ
2026-07-27 01:55:00+00:00,0.0,KFBG
2026-07-27 02:15:00+00:00,0.0,KACZ
2026-07-27 02:35:00+00:00,0.0,KACZ
2026-07-27 02:55:00+00:00,0.0,KFBG
2026-07-27 03:15:00+00:00,0.0,KACZ
2026-07-27 03:32:00+00:00,0.0,KFBG
2026-07-27 03:35:00+00:00,0.0,KACZ
2026-07-27 03:47:00+00:00,0.0,KFBG
2026-07-27 03:55:00+00:00,0.0,KFBG
2026-07-27 04:04:00+00:00,0.0,KFBG
2026-07-27 04:08:00+00:00,0.0,KFBG
2026-07-27 04:15:00+00:00,0.0,KACZ
2026-07-27 04:35:00+00:00,0.0,KACZ
2026-07-27 04:55:00+00:00,0.0,KFBG
2026-07-27 05:15:00+00:00,0.0,KACZ
2026-07-27 05:35:00+00:00,0.0,KACZ
2026-07-27 05:55:00+00:00,0.0,KFBG
2026-07-27 06:15:00+00:00,0.0,KACZ
2026-07-27 06:28:00+00:00,0.0,KFBG
2026-07-27 06:35:00+00:00,0.0,KACZ
2026-07-27 06:55:00+00:00,0.0,KFBG
2026-07-27 07:15:00+00:00,0.0,KACZ
2026-07-27 07:35:00+00:00,0.0,KACZ
2026-07-27 07:55:00+00:00,0.0,KFBG
2026-07-27 07:59:00+00:00,0.0,KFBG
2026-07-27 08:15:00+00:00,0.0,KACZ
2026-07-27 08:24:00+00:00,0.0,KFBG
2026-07-27 08:35:00+00:00,0.0,KACZ
2026-07-27 08:55:00+00:00,0.0,KFBG
2026-07-27 09:15:00+00:00,0.0,KACZ
2026-07-27 09:35:00+00:00,0.0,KACZ
2026-07-27 09:55:00+00:00,0.0,KFBG
2026-07-27 10:15:00+00:00,0.0,KACZ
2026-07-27 10:26:00+00:00,0.0,KFBG
2026-07-27 10:55:00+00:00,0.0,KFBG
2026-07-27 11:15:00+00:00,0.0,KACZ
2026-07-27 11:35:00+00:00,0.0,KACZ
2026-07-27 11:52:00+00:00,0.0,KFBG
2026-07-27 11:54:00+00:00,0.0,KFBG
2026-07-27 11:55:00+00:00,0.0,KFBG
2026-07-27 11:56:00+00:00,0.0,KFBG
2026-07-27 12:11:00+00:00,0.0,KFBG
2026-07-27 12:15:00+00:00,0.0,KACZ
2026-07-27 12:19:00+00:00,0.0,KFBG
2026-07-27 12:29:00+00:00,0.0,KFBG
2026-07-27 12:35:00+00:00,0.0,KACZ
2026-07-27 12:37:00+00:00,0.0,KFBG
2026-07-27 12:53:00+00:00,0.0,KFBG
2026-07-27 12:55:00+00:00,0.0,KFBG
2026-07-27 13:00:00+00:00,0.0,KFBG
2026-07-27 13:05:00+00:00,0.0,KFBG
2026-07-27 13:15:00+00:00,0.0,KFBG
2026-07-27 13:30:00+00:00,0.0,KFBG
2026-07-27 13:55:00+00:00,0.0,KFBG
2026-07-27 14:00:00+00:00,0.0,KFBG
2026-07-27 14:50:00+00:00,0.0,KFBG
2026-07-27 14:55:00+00:00,0.0,KFBG
2026-07-27 15:14:00+00:00,0.0,KFBG
2026-07-27 15:15:00+00:00,0.0,KACZ
2026-07-27 15:26:00+00:00,0.0,KFBG
2026-07-27 15:35:00+00:00,0.0,KACZ
2026-07-27 15:41:00+00:00,0.0,KFBG
2026-07-27 15:55:00+00:00,0.0,KFBG
2026-07-27 16:15:00+00:00,0.0,KACZ
2026-07-27 16:35:00+00:00,0.0,KACZ
2026-07-27 16:55:00+00:00,0.0,KFBG
2026-07-27 17:15:00+00:00,0.0,KACZ
2026-07-27 17:55:00+00:00,0.0,KFBG
2026-07-27 18:15:00+00:00,0.0,KACZ
2026-07-27 18:29:00+00:00,0.0,KFBG
2026-07-27 18:35:00+00:00,0.0,KACZ
2026-07-27 18:55:00+00:00,0.0,KFBG
2026-07-27 19:14:00+00:00,0.0,KFBG
2026-07-27 19:15:00+00:00,0.0,KACZ
2026-07-27 19:35:00+00:00,0.0,KACZ
2026-07-27 19:51:00+00:00,0.0,KFBG
2026-07-27 19:55:00+00:00,0.0,KFBG
2026-07-27 20:15:00+00:00,0.0,KACZ
2026-07-27 20:35:00+00:00,0.0,KACZ
2026-07-27 20:55:00+00:00,0.0,KFBG
2026-07-27 21:15:00+00:00,0.0,KACZ
2026-07-27 21:35:00+00:00,0.0,KACZ
2026-07-27 21:55:00+00:00,0.0,KFBG
2026-07-27 22:20:00+00:00,0.0,KACZ
2026-07-27 22:21:00+00:00,0.0,KFBG
2026-07-27 22:55:00+00:00,0.0,KFBG
2026-07-27 23:15:00+00:00,0.0,KACZ
2026-07-27 23:26:00+00:00,0.0,KFBG
2026-07-27 23:35:00+00:00,0.0,KACZ
2026-07-27 23:55:00+00:00,0.0,KFBG
2026-07-28 00:15:00+00:00,0.0,KACZ
2026-07-28 00:35:00+00:00,0.0,KACZ
2026-07-28 00:55:00+00:00,0.0,KFBG
2026-07-28 01:35:00+00:00,0.0,KACZ
2026-07-28 01:55:00+00:00,0.0,KFBG
2026-07-28 02:55:00+00:00,0.0,KFBG
2026-07-28 03:15:00+00:00,0.0,KACZ
2026-07-28 03:55:00+00:00,0.0,KFBG
2026-07-28 04:15:00+00:00,0.0,KACZ
2026-07-28 04:35:00+00:00,0.0,KACZ
2026-07-28 04:55:00+00:00,0.0,KFBG
2026-07-28 05:00:00+00:00,0.0,KACZ
2026-07-28 05:15:00+00:00,0.0,KACZ
2026-07-28 05:35:00+00:00,0.0,KACZ
2026-07-28 05:55:00+00:00,0.0,KFBG
2026-07-28 06:15:00+00:00,0.0,KACZ
2026-07-28 06:35:00+00:00,0.0,KACZ
2026-07-28 06:55:00+00:00,0.0,KFBG
2026-07-28 07:15:00+00:00,0.0,KACZ
2026-07-28 07:35:00+00:00,0.0,KACZ
2026-07-28 07:55:00+00:00,0.0,KFBG
2026-07-28 08:15:00+00:00,0.0,KACZ
2026-07-28 08:35:00+00:00,0.0,KACZ
2026-07-28 08:55:00+00:00,0.0,KFBG
2026-07-28 09:15:00+00:00,0.0,KACZ
2026-07-28 09:35:00+00:00,0.0,KACZ
2026-07-28 09:55:00+00:00,0.0,KFBG
2026-07-28 10:15:00+00:00,0.0,KACZ
2026-07-28 10:35:00+00:00,0.0,KACZ
2026-07-28 10:40:00+00:00,0.0,KFBG
2026-07-28 10:55:00+00:00,0.0,KFBG
2026-07-28 11:15:00+00:00,0.0,KACZ
2026-07-28 11:35:00+00:00,0.0,KACZ
2026-07-28 11:55:00+00:00,0.0,KFBG
2026-07-28 12:15:00+00:00,0.0,KACZ
2026-07-28 12:33:00+00:00,0.0,KFBG
2026-07-28 12:35:00+00:00,0.0,KACZ
2026-07-28 12:55:00+00:00,0.0,KFBG
2026-07-28 13:15:00+00:00,0.0,KACZ
2026-07-28 13:35:00+00:00,0.0,KACZ
2026-07-28 13:48:00+00:00,0.0,KFBG
2026-07-28 13:55:00+00:00,0.0,KFBG
2026-07-28 14:15:00+00:00,0.0,KACZ
2026-07-28 14:35:00+00:00,0.0,KACZ
2026-07-28 14:55:00+00:00,0.0,KFBG
2026-07-28 15:15:00+00:00,0.0,KACZ
2026-07-28 15:35:00+00:00,0.0,KACZ
2026-07-28 15:55:00+00:00,0.0,KFBG
2026-07-28 16:35:00+00:00,0.0,KACZ
2026-07-28 16:55:00+00:00,0.0,KFBG
2026-07-28 17:15:00+00:00,0.0,KACZ
2026-07-28 17:35:00+00:00,0.0,KACZ
2026-07-28 17:55:00+00:00,0.0,KFBG
2026-07-28 18:12:00+00:00,0.0,KFBG
2026-07-28 18:15:00+00:00,0.0,KACZ
2026-07-28 18:23:00+00:00,0.0,KFBG
2026-07-28 18:34:00+00:00,0.0,KFBG
2026-07-28 18:35:00+00:00,0.0,KFBG
2026-07-28 18:55:00+00:00,0.0,KFBG
2026-07-28 19:15:00+00:00,0.0,KACZ
2026-07-28 19:25:00+00:00,0.0,KFBG
2026-07-28 19:35:00+00:00,0.0,KACZ
2026-07-28 19:55:00+00:00,0.0,KFBG
2026-07-28 20:15:00+00:00,0.0,KACZ
2026-07-28 20:35:00+00:00,0.0,KACZ
2026-07-28 20:55:00+00:00,0.0,KFBG
2026-07-28 21:15:00+00:00,0.0,KACZ
2026-07-28 21:33:00+00:00,0.0,KFBG
2026-07-28 21:35:00+00:00,0.0,KACZ
2026-07-28 21:55:00+00:00,0.0,KFBG
2026-07-28 22:15:00+00:00,0.0,KACZ
2026-07-28 22:35:00+00:00,0.0,KACZ
2026-07-28 22:47:00+00:00,0.0,KFBG
2026-07-28 22:55:00+00:00,0.0,KFBG
2026-07-28 23:15:00+00:00,0.0,KACZ
2026-07-28 23:35:00+00:00,0.0,KACZ
2026-07-28 23:52:00+00:00,0.0,KFBG
2026-07-28 23:55:00+00:00,0.0,KFBG
2026-07-29 00:15:00+00:00,0.0,KACZ
2026-07-29 00:35:00+00:00,0.0,KACZ
2026-07-29 00:55:00+00:00,0.0,KFBG
2026-07-29 01:15:00+00:00,0.0,KACZ
2026-07-29 01:35:00+00:00,0.0,KACZ
2026-07-29 01:55:00+00:00,0.0,KFBG
2026-07-29 02:15:00+00:00,0.0,KACZ
2026-07-29 02:35:00+00:00,0.0,KACZ
2026-07-29 02:55:00+00:00,0.0,KACZ
2026-07-29 03:15:00+00:00,0.0,KACZ
2026-07-29 03:35:00+00:00,0.1496062992125984,KACZ
2026-07-29 04:15:00+00:00,0.0,KACZ
2026-07-29 04:35:00+00:00,0.3307086614173228,KACZ
2026-07-29 05:15:00+00:00,0.0,KACZ
2026-07-29 05:35:00+00:00,0.0,KACZ
2026-07-29 06:15:00+00:00,0.0118110236220472,KACZ
2026-07-29 06:35:00+00:00,0.0118110236220472,KACZ
2026-07-29 07:15:00+00:00,0.0,KACZ
2026-07-29 07:35:00+00:00,0.0,KACZ
2026-07-29 08:15:00+00:00,0.0,KACZ
2026-07-29 08:35:00+00:00,0.0,KACZ
2026-07-29 09:15:00+00:00,0.0,KACZ
2026-07-29 09:35:00+00:00,0.0,KACZ
2026-07-29 10:15:00+00:00,0.0,KACZ
2026-07-29 10:35:00+00:00,0.0,KACZ
2026-07-29 10:55:00+00:00,0.0,KACZ
2026-07-29 11:15:00+00:00,0.0,KACZ
2026-07-29 11:35:00+00:00,0.0,KACZ
2026-07-29 12:15:00+00:00,0.0,KACZ
2026-07-29 12:35:00+00:00,0.0,KACZ
2026-07-29 12:55:00+00:00,0.0,KACZ
2026-07-29 13:15:00+00:00,0.0,KACZ
2026-07-29 13:35:00+00:00,0.0,KACZ
2026-07-29 14:15:00+00:00,0.0,KACZ
2026-07-29 14:35:00+00:00,0.0,KACZ
2026-07-29 15:15:00+00:00,0.0,KACZ
2026-07-29 15:35:00+00:00,0.0,KACZ
2026-07-29 15:55:00+00:00,0.0,KACZ
2026-07-29 16:15:00+00:00,0.0,KACZ
2026-07-29 16:35:00+00:00,0.0,KACZ
