t,temperature_f,wind_direction,short_forecast,is_daytime,wind_speed_mph
2026-07-28 14:00:00+00:00,84,SW,Mostly Sunny,True,5.0
2026-07-28 15:00:00+00:00,87,SW,Mostly Sunny,True,7.0
2026-07-28 16:00:00+00:00,89,SW,Mostly Sunny,True,8.0
2026-07-28 17:00:00+00:00,90,SW,Mostly Sunny,True,9.0
2026-07-28 18:00:00+00:00,91,SW,Mostly Sunny,True,12.0
2026-07-28 19:00:00+00:00,91,SW,Partly Sunny,True,12.0
2026-07-28 20:00:00+00:00,90,SW,Partly Sunny,True,13.0
2026-07-28 21:00:00+00:00,89,SW,Partly Sunny,True,13.0
2026-07-28 22:00:00+00:00,88,SW,Mostly Cloudy,False,13.0
2026-07-28 23:00:00+00:00,86,SW,Partly Cloudy,False,12.0
2026-07-29 00:00:00+00:00,84,SW,Partly Cloudy,False,12.0
2026-07-29 01:00:00+00:00,84,SW,Slight Chance Showers And Thunderstorms,False,13.0
2026-07-29 02:00:00+00:00,83,SW,Chance Showers And Thunderstorms,False,14.0
2026-07-29 03:00:00+00:00,82,SW,Chance Showers And Thunderstorms,False,16.0
2026-07-29 04:00:00+00:00,82,SW,Chance Showers And Thunderstorms,False,15.0
2026-07-29 05:00:00+00:00,81,SW,Showers And Thunderstorms Likely,False,14.0
2026-07-29 06:00:00+00:00,81,W,Chance Showers And Thunderstorms,False,13.0
2026-07-29 07:00:00+00:00,79,W,Chance Showers And Thunderstorms,False,12.0
2026-07-29 08:00:00+00:00,79,W,Slight Chance Showers And Thunderstorms,False,12.0
2026-07-29 09:00:00+00:00,78,W,Partly Cloudy,False,10.0
2026-07-29 10:00:00+00:00,77,W,Mostly Sunny,True,9.0
2026-07-29 11:00:00+00:00,77,W,Sunny,True,8.0
2026-07-29 12:00:00+00:00,79,NW,Sunny,True,8.0
2026-07-29 13:00:00+00:00,81,NW,Sunny,True,8.0
2026-07-29 14:00:00+00:00,84,NW,Sunny,True,8.0
2026-07-29 15:00:00+00:00,87,NW,Sunny,True,8.0
2026-07-29 16:00:00+00:00,90,W,Sunny,True,8.0
2026-07-29 17:00:00+00:00,91,W,Mostly Sunny,True,8.0
2026-07-29 18:00:00+00:00,92,W,Mostly Sunny,True,7.0
2026-07-29 19:00:00+00:00,93,W,Mostly Sunny,True,8.0
2026-07-29 20:00:00+00:00,92,W,Sunny,True,8.0
2026-07-29 21:00:00+00:00,91,W,Sunny,True,8.0
2026-07-29 22:00:00+00:00,90,W,Mostly Clear,False,7.0
2026-07-29 23:00:00+00:00,88,W,Mostly Clear,False,5.0
2026-07-30 00:00:00+00:00,85,W,Mostly Clear,False,3.0
2026-07-30 01:00:00+00:00,82,W,Mostly Clear,False,3.0
2026-07-30 02:00:00+00:00,81,W,Mostly Clear,False,3.0
2026-07-30 03:00:00+00:00,80,W,Mostly Clear,False,3.0
2026-07-30 04:00:00+00:00,79,W,Mostly Clear,False,3.0
2026-07-30 05:00:00+00:00,78,W,Mostly Clear,False,3.0
2026-07-30 06:00:00+00:00,76,NW,Mostly Clear,False,3.0
2026-07-30 07:00:00+00:00,75,NW,Mostly Clear,False,3.0
2026-07-30 08:00:00+00:00,74,NW,Mostly Clear,False,5.0
2026-07-30 09:00:00+00:00,73,NW,Mostly Clear,False,5.0
2026-07-30 10:00:00+00:00,73,NW,Sunny,True,6.0
2026-07-30 11:00:00+00:00,74,NW,Sunny,True,6.0
2026-07-30 12:00:00+00:00,75,NW,Sunny,True,7.0
2026-07-30 13:00:00+00:00,78,NW,Sunny,True,7.0
2026-07-30 14:00:00+00:00,81,NW,Sunny,True,7.0
2026-07-30 15:00:00+00:00,84,NW,Sunny,True,6.0
2026-07-30 16:00:00+00:00,87,NW,Sunny,True,6.0
2026-07-30 17:00:00+00:00,89,W,Sunny,True,6.0
2026-07-30 18:00:00+00:00,90,W,Sunny,True,6.0
2026-07-30 19:00:00+00:00,91,W,Sunny,True,6.0
2026-07-30 20:00:00+00:00,91,W,Sunny,True,5.0
2026-07-30 21:00:00+00:00,90,W,Sunny,True,5.0
2026-07-30 22:00:00+00:00,88,W,Clear,False,5.0
2026-07-30 23:00:00+00:00,86,W,Clear,False,3.0
2026-07-31 00:00:00+00:00,83,W,Clear,False,3.0
2026-07-31 01:00:00+00:00,82,W,Clear,False,3.0
2026-07-31 02:00:00+00:00,80,W,Clear,False,3.0
2026-07-31 03:00:00+00:00,78,W,Clear,False,2.0
2026-07-31 04:00:00+00:00,77,W,Clear,False,2.0
2026-07-31 05:00:00+00:00,76,W,Clear,False,2.0
2026-07-31 06:00:00+00:00,75,W,Clear,False,2.0
2026-07-31 07:00:00+00:00,74,W,Clear,False,2.0
2026-07-31 08:00:00+00:00,73,W,Clear,False,2.0
2026-07-31 09:00:00+00:00,72,W,Clear,False,2.0
2026-07-31 10:00:00+00:00,73,W,Sunny,True,2.0
2026-07-31 11:00:00+00:00,74,NW,Sunny,True,2.0
2026-07-31 12:00:00+00:00,76,NW,Sunny,True,3.0
2026-07-31 13:00:00+00:00,79,W,Sunny,True,3.0
2026-07-31 14:00:00+00:00,83,W,Sunny,True,5.0
2026-07-31 15:00:00+00:00,86,SW,Sunny,True,5.0
2026-07-31 16:00:00+00:00,88,SW,Sunny,True,5.0
2026-07-31 17:00:00+00:00,90,S,Sunny,True,6.0
2026-07-31 18:00:00+00:00,90,S,Sunny,True,6.0
2026-07-31 19:00:00+00:00,91,S,Sunny,True,6.0
2026-07-31 20:00:00+00:00,90,S,Sunny,True,6.0
2026-07-31 21:00:00+00:00,89,S,Sunny,True,6.0
2026-07-31 22:00:00+00:00,87,S,Mostly Clear,False,6.0
2026-07-31 23:00:00+00:00,86,S,Mostly Clear,False,6.0
2026-08-01 00:00:00+00:00,84,S,Mostly Clear,False,6.0
2026-08-01 01:00:00+00:00,83,S,Mostly Clear,False,5.0
2026-08-01 02:00:00+00:00,81,S,Mostly Clear,False,3.0
2026-08-01 03:00:00+00:00,80,S,Mostly Clear,False,3.0
2026-08-01 04:00:00+00:00,79,S,Mostly Clear,False,2.0
2026-08-01 05:00:00+00:00,78,S,Mostly Clear,False,2.0
2026-08-01 06:00:00+00:00,78,S,Mostly Clear,False,2.0
2026-08-01 07:00:00+00:00,77,S,Mostly Clear,False,2.0
2026-08-01 08:00:00+00:00,77,S,Mostly Clear,False,2.0
2026-08-01 09:00:00+00:00,76,S,Mostly Clear,False,2.0
2026-08-01 10:00:00+00:00,77,S,Sunny,True,2.0
2026-08-01 11:00:00+00:00,77,S,Sunny,True,1.0
2026-08-01 12:00:00+00:00,78,S,Mostly Sunny,True,2.0
2026-08-01 13:00:00+00:00,81,S,Mostly Sunny,True,3.0
2026-08-01 14:00:00+00:00,84,SE,Mostly Sunny,True,5.0
2026-08-01 15:00:00+00:00,86,SE,Mostly Sunny,True,7.0
2026-08-01 16:00:00+00:00,88,SE,Mostly Sunny,True,7.0
2026-08-01 17:00:00+00:00,88,SE,Mostly Sunny,True,8.0
2026-08-01 18:00:00+00:00,88,SE,Partly Sunny,True,9.0
2026-08-01 19:00:00+00:00,88,SE,Partly Sunny,True,9.0
2026-08-01 20:00:00+00:00,88,SE,Partly Sunny,True,10.0
2026-08-01 21:00:00+00:00,88,SE,Partly Sunny,True,9.0
2026-08-01 22:00:00+00:00,87,SE,Mostly Cloudy,False,9.0
2026-08-01 23:00:00+00:00,86,SE,Mostly Cloudy,False,8.0
2026-08-02 00:00:00+00:00,84,SE,Mostly Cloudy,False,7.0
2026-08-02 01:00:00+00:00,83,SE,Mostly Cloudy,False,6.0
2026-08-02 02:00:00+00:00,81,S,Mostly Cloudy,False,6.0
2026-08-02 03:00:00+00:00,80,S,Mostly Cloudy,False,5.0
2026-08-02 04:00:00+00:00,80,S,Mostly Cloudy,False,5.0
2026-08-02 05:00:00+00:00,80,S,Mostly Cloudy,False,5.0
2026-08-02 06:00:00+00:00,80,S,Chance Showers And Thunderstorms,False,5.0
2026-08-02 07:00:00+00:00,79,S,Chance Showers And Thunderstorms,False,5.0
2026-08-02 08:00:00+00:00,79,S,Chance Showers And Thunderstorms,False,5.0
2026-08-02 09:00:00+00:00,78,S,Chance Showers And Thunderstorms,False,5.0
2026-08-02 10:00:00+00:00,79,S,Chance Showers And Thunderstorms,True,5.0
2026-08-02 11:00:00+00:00,79,S,Chance Showers And Thunderstorms,True,5.0
2026-08-02 12:00:00+00:00,80,S,Chance Showers And Thunderstorms,True,5.0
2026-08-02 13:00:00+00:00,82,S,Chance Showers And Thunderstorms,True,7.0
2026-08-02 14:00:00+00:00,84,S,Chance Showers And Thunderstorms,True,8.0
2026-08-02 15:00:00+00:00,86,S,Chance Showers And Thunderstorms,True,9.0
2026-08-02 16:00:00+00:00,86,S,Chance Showers And Thunderstorms,True,12.0
2026-08-02 17:00:00+00:00,86,S,Chance Showers And Thunderstorms,True,13.0
2026-08-02 18:00:00+00:00,86,S,Chance Showers And Thunderstorms,True,13.0
2026-08-02 19:00:00+00:00,87,S,Chance Showers And Thunderstorms,True,14.0
2026-08-02 20:00:00+00:00,87,S,Chance Showers And Thunderstorms,True,14.0
2026-08-02 21:00:00+00:00,87,S,Chance Showers And Thunderstorms,True,14.0
2026-08-02 22:00:00+00:00,86,S,Chance Showers And Thunderstorms,False,14.0
2026-08-02 23:00:00+00:00,84,S,Chance Showers And Thunderstorms,False,13.0
2026-08-03 00:00:00+00:00,83,S,Chance Showers And Thunderstorms,False,12.0
2026-08-03 01:00:00+00:00,82,SW,Chance Showers And Thunderstorms,False,10.0
2026-08-03 02:00:00+00:00,80,SW,Chance Showers And Thunderstorms,False,9.0
2026-08-03 03:00:00+00:00,79,SW,Chance Showers And Thunderstorms,False,9.0
2026-08-03 04:00:00+00:00,79,SW,Chance Showers And Thunderstorms,False,8.0
2026-08-03 05:00:00+00:00,79,SW,Chance Showers And Thunderstorms,False,8.0
2026-08-03 06:00:00+00:00,79,SW,Chance Showers And Thunderstorms,False,8.0
2026-08-03 07:00:00+00:00,79,SW,Chance Showers And Thunderstorms,False,7.0
2026-08-03 08:00:00+00:00,78,SW,Chance Showers And Thunderstorms,False,7.0
2026-08-03 09:00:00+00:00,78,SW,Chance Showers And Thunderstorms,False,7.0
2026-08-03 10:00:00+00:00,78,SW,Chance Showers And Thunderstorms,True,7.0
2026-08-03 11:00:00+00:00,78,SW,Chance Showers And Thunderstorms,True,7.0
2026-08-03 12:00:00+00:00,80,SW,Chance Showers And Thunderstorms,True,7.0
2026-08-03 13:00:00+00:00,81,SW,Chance Showers And Thunderstorms,True,7.0
2026-08-03 14:00:00+00:00,83,SW,Chance Showers And Thunderstorms,True,8.0
2026-08-03 15:00:00+00:00,85,SW,Chance Showers And Thunderstorms,True,9.0
2026-08-03 16:00:00+00:00,86,SW,Chance Showers And Thunderstorms,True,10.0
2026-08-03 17:00:00+00:00,86,SW,Chance Showers And Thunderstorms,True,12.0
2026-08-03 18:00:00+00:00,86,SW,Chance Showers And Thunderstorms,True,12.0
2026-08-03 19:00:00+00:00,87,SW,Chance Showers And Thunderstorms,True,12.0
2026-08-03 20:00:00+00:00,88,SW,Chance Showers And Thunderstorms,True,12.0
2026-08-03 21:00:00+00:00,88,SW,Chance Showers And Thunderstorms,True,12.0
2026-08-03 22:00:00+00:00,86,SW,Chance Showers And Thunderstorms,False,9.0
2026-08-03 23:00:00+00:00,85,SW,Chance Showers And Thunderstorms,False,8.0
2026-08-04 00:00:00+00:00,83,SW,Chance Showers And Thunderstorms,False,7.0
2026-08-04 01:00:00+00:00,82,SW,Chance Showers And Thunderstorms,False,6.0
2026-08-04 02:00:00+00:00,80,SW,Chance Showers And Thunderstorms,False,5.0
2026-08-04 03:00:00+00:00,80,SW,Chance Showers And Thunderstorms,False,5.0
2026-08-04 04:00:00+00:00,79,SW,Chance Showers And Thunderstorms,False,5.0
2026-08-04 05:00:00+00:00,79,SW,Chance Showers And Thunderstorms,False,5.0
2026-08-04 06:00:00+00:00,78,SW,Chance Showers And Thunderstorms,False,6.0
2026-08-04 07:00:00+00:00,78,SW,Chance Showers And Thunderstorms,False,6.0
2026-08-04 08:00:00+00:00,78,SW,Chance Showers And Thunderstorms,False,6.0
2026-08-04 09:00:00+00:00,78,SW,Chance Showers And Thunderstorms,False,6.0
